schema,status,correct_out_of_352,english_correct_out_of_176,french_correct_out_of_176,exact_messages_out_of_44
rules-original,complete,246,140,106,4
plain_question-original,complete,244,144,100,5
checklist-compact,complete,237,122,115,5
balanced-compact,complete,237,126,111,5
direct-original,complete,236,135,101,7
checklist-original,complete,236,136,100,4
evidence-original,complete,235,132,103,6
direct-compact,complete,234,121,113,3
evidence-compact,complete,234,124,110,6
examples-compact,complete,234,123,111,3
contrast-compact,complete,233,124,109,1
boundary-compact,complete,233,120,113,3
plain_question-compact,complete,232,127,105,4
imperative-compact,complete,230,123,107,5
category_reasoning-original,complete,230,129,101,3
rules-compact,complete,229,122,107,5
examples-original,complete,228,128,100,3
imperative-original,complete,228,136,92,4
category_reasoning-compact,complete,225,115,110,3
contrast-original,complete,222,126,96,2
boundary-original,complete,222,125,97,3
concise_rubric-compact,complete,221,121,100,4
concise_rubric-original,rejected,,,,
balanced-original,rejected,,,,
