question,candidate,kind,status,correct,total,accuracy,english_correct,french_correct,answers_changed,errors_fixed,correct_broken,reason
classification,classification--baseline,baseline,complete,34,44,0.7727272727272727,19,15,0,0,0,
classification,classification--baseline-compact,description,complete,34,44,0.7727272727272727,17,17,6,3,3,
classification,classification--direct-original,wording_description,complete,35,44,0.7954545454545454,18,17,9,5,4,
classification,classification--direct-compact,wording_description,complete,29,44,0.6590909090909091,16,13,21,8,13,
classification,classification--concise_rubric-original,wording_description,complete,31,44,0.7045454545454546,16,15,20,8,11,
classification,classification--concise_rubric-compact,wording_description,complete,27,44,0.6136363636363636,15,12,23,8,15,
classification,classification--evidence-original,wording_description,complete,33,44,0.75,17,16,9,4,5,
classification,classification--evidence-compact,wording_description,complete,30,44,0.6818181818181818,15,15,19,7,11,
classification,classification--rules-original,wording_description,complete,34,44,0.7727272727272727,18,16,12,6,6,
classification,classification--rules-compact,wording_description,complete,28,44,0.6363636363636364,14,14,20,7,13,
classification,classification--contrast-original,wording_description,complete,30,44,0.6818181818181818,15,15,12,4,8,
classification,classification--contrast-compact,wording_description,complete,30,44,0.6818181818181818,16,14,21,8,12,
classification,classification--boundary-original,wording_description,complete,33,44,0.75,15,18,13,6,7,
classification,classification--boundary-compact,wording_description,complete,30,44,0.6818181818181818,14,16,20,8,12,
classification,classification--examples-original,wording_description,complete,33,44,0.75,17,16,13,6,7,
classification,classification--examples-compact,wording_description,complete,29,44,0.6590909090909091,15,14,21,8,13,
classification,classification--imperative-original,wording_description,complete,32,44,0.7272727272727273,17,15,18,8,10,
classification,classification--imperative-compact,wording_description,complete,27,44,0.6136363636363636,15,12,24,8,15,
classification,classification--plain_question-original,wording_description,complete,34,44,0.7727272727272727,18,16,9,4,4,
classification,classification--plain_question-compact,wording_description,complete,33,44,0.75,17,16,16,7,8,
classification,classification--checklist-original,wording_description,complete,31,44,0.7045454545454546,17,14,19,8,11,
classification,classification--checklist-compact,wording_description,complete,25,44,0.5681818181818182,13,12,25,8,17,
classification,classification--category_reasoning-original,wording_description,complete,31,44,0.7045454545454546,16,15,18,7,10,
classification,classification--category_reasoning-compact,wording_description,complete,27,44,0.6136363636363636,15,12,24,8,15,
classification,classification--balanced-original,wording_description,complete,34,44,0.7727272727272727,19,15,10,5,5,
classification,classification--balanced-compact,wording_description,complete,30,44,0.6818181818181818,15,15,18,7,11,
classification,classification--order-01,option_order,complete,34,44,0.7727272727272727,20,14,2,1,1,
classification,classification--order-02,option_order,complete,32,44,0.7272727272727273,18,14,4,1,3,
classification,classification--order-03,option_order,complete,31,44,0.7045454545454546,18,13,5,1,4,
classification,classification--order-04,option_order,complete,32,44,0.7272727272727273,19,13,4,1,3,
classification,classification--order-05,option_order,complete,30,44,0.6818181818181818,18,12,6,1,5,
industry,industry--baseline,baseline,complete,33,44,0.75,19,14,0,0,0,
industry,industry--baseline-compact,description,complete,32,44,0.7272727272727273,17,15,7,3,4,
industry,industry--direct-original,wording_description,complete,32,44,0.7272727272727273,18,14,4,1,2,
industry,industry--direct-compact,wording_description,complete,33,44,0.75,16,17,8,4,4,
industry,industry--concise_rubric-original,wording_description,complete,31,44,0.7045454545454546,17,14,6,1,3,
industry,industry--concise_rubric-compact,wording_description,complete,33,44,0.75,17,16,7,3,3,
industry,industry--evidence-original,wording_description,complete,34,44,0.7727272727272727,19,15,2,1,0,
industry,industry--evidence-compact,wording_description,complete,35,44,0.7954545454545454,18,17,6,4,2,
industry,industry--rules-original,wording_description,complete,30,44,0.6818181818181818,17,13,5,0,3,
industry,industry--rules-compact,wording_description,complete,33,44,0.75,17,16,8,4,4,
industry,industry--contrast-original,wording_description,complete,30,44,0.6818181818181818,15,15,5,1,4,
industry,industry--contrast-compact,wording_description,complete,33,44,0.75,16,17,8,4,4,
industry,industry--boundary-original,wording_description,complete,31,44,0.7045454545454546,16,15,6,1,3,
industry,industry--boundary-compact,wording_description,complete,33,44,0.75,17,16,8,3,3,
industry,industry--examples-original,wording_description,complete,30,44,0.6818181818181818,17,13,5,0,3,
industry,industry--examples-compact,wording_description,complete,33,44,0.75,17,16,8,3,3,
industry,industry--imperative-original,wording_description,complete,32,44,0.7272727272727273,18,14,4,1,2,
industry,industry--imperative-compact,wording_description,complete,33,44,0.75,18,15,4,2,2,
industry,industry--plain_question-original,wording_description,complete,30,44,0.6818181818181818,17,13,4,0,3,
industry,industry--plain_question-compact,wording_description,complete,33,44,0.75,17,16,7,3,3,
industry,industry--checklist-original,wording_description,complete,30,44,0.6818181818181818,17,13,5,0,3,
industry,industry--checklist-compact,wording_description,complete,33,44,0.75,17,16,9,4,4,
industry,industry--category_reasoning-original,wording_description,complete,32,44,0.7272727272727273,18,14,5,1,2,
industry,industry--category_reasoning-compact,wording_description,complete,33,44,0.75,17,16,9,4,4,
industry,industry--balanced-original,wording_description,complete,33,44,0.75,18,15,3,1,1,
industry,industry--balanced-compact,wording_description,complete,34,44,0.7727272727272727,17,17,8,4,3,
industry,industry--order-00,option_order,complete,30,44,0.6818181818181818,15,15,6,1,4,
industry,industry--order-01,option_order,complete,31,44,0.7045454545454546,16,15,4,1,3,
industry,industry--order-02,option_order,complete,27,44,0.6136363636363636,14,13,9,1,7,
industry,industry--order-03,option_order,complete,32,44,0.7272727272727273,17,15,8,2,3,
industry,industry--order-04,option_order,complete,29,44,0.6590909090909091,16,13,6,0,4,
industry,industry--order-05,option_order,complete,30,44,0.6818181818181818,17,13,4,0,3,
industry,industry--order-06,option_order,complete,32,44,0.7272727272727273,16,16,5,2,3,
urgent_action,urgent_action--baseline,baseline,complete,35,44,0.7954545454545454,19,16,0,0,0,
urgent_action,urgent_action--rubric,combined_rubric,complete,36,44,0.8181818181818182,18,18,9,5,4,
urgent_action,urgent_action--baseline-compact,description,complete,37,44,0.8409090909090909,17,20,8,5,3,
urgent_action,urgent_action--direct-original,wording_description,complete,32,44,0.7272727272727273,17,15,7,2,5,
urgent_action,urgent_action--direct-compact,wording_description,complete,39,44,0.8863636363636364,19,20,10,7,3,
urgent_action,urgent_action--concise_rubric-original,wording_description,complete,30,44,0.6818181818181818,17,13,5,0,5,
urgent_action,urgent_action--concise_rubric-compact,wording_description,complete,34,44,0.7727272727272727,18,16,13,6,7,
urgent_action,urgent_action--evidence-original,wording_description,complete,38,44,0.8636363636363636,17,21,7,5,2,
urgent_action,urgent_action--evidence-compact,wording_description,complete,38,44,0.8636363636363636,18,20,11,7,4,
urgent_action,urgent_action--rules-original,wording_description,complete,33,44,0.75,17,16,2,0,2,
urgent_action,urgent_action--rules-compact,wording_description,complete,36,44,0.8181818181818182,19,17,9,5,4,
urgent_action,urgent_action--contrast-original,wording_description,complete,35,44,0.7954545454545454,18,17,2,1,1,
urgent_action,urgent_action--contrast-compact,wording_description,complete,36,44,0.8181818181818182,16,20,9,5,4,
urgent_action,urgent_action--boundary-original,wording_description,complete,32,44,0.7272727272727273,16,16,3,0,3,
urgent_action,urgent_action--boundary-compact,wording_description,complete,34,44,0.7727272727272727,17,17,11,5,6,
urgent_action,urgent_action--examples-original,wording_description,complete,33,44,0.75,18,15,2,0,2,
urgent_action,urgent_action--examples-compact,wording_description,complete,41,44,0.9318181818181818,20,21,8,7,1,
urgent_action,urgent_action--imperative-original,wording_description,complete,33,44,0.75,18,15,2,0,2,
urgent_action,urgent_action--imperative-compact,wording_description,complete,40,44,0.9090909090909091,19,21,7,6,1,
urgent_action,urgent_action--plain_question-original,wording_description,complete,35,44,0.7954545454545454,19,16,4,2,2,
urgent_action,urgent_action--plain_question-compact,wording_description,complete,35,44,0.7954545454545454,19,16,12,6,6,
urgent_action,urgent_action--checklist-original,wording_description,complete,35,44,0.7954545454545454,19,16,2,1,1,
urgent_action,urgent_action--checklist-compact,wording_description,complete,35,44,0.7954545454545454,16,19,10,5,5,
urgent_action,urgent_action--category_reasoning-original,wording_description,complete,34,44,0.7727272727272727,18,16,3,1,2,
urgent_action,urgent_action--category_reasoning-compact,wording_description,complete,38,44,0.8636363636363636,18,20,9,6,3,
urgent_action,urgent_action--balanced-original,wording_description,complete,34,44,0.7727272727272727,18,16,3,1,2,
urgent_action,urgent_action--balanced-compact,wording_description,complete,39,44,0.8863636363636364,19,20,8,6,2,
urgent_action,urgent_action--labels-swap,boolean_labels,complete,33,44,0.75,19,14,2,0,2,
urgent_action,urgent_action--labels-xy,boolean_labels,complete,35,44,0.7954545454545454,20,15,2,1,1,
urgent_action,urgent_action--labels-yesno,boolean_labels,complete,33,44,0.75,19,14,2,0,2,
sentiment,sentiment--baseline,baseline,complete,36,44,0.8181818181818182,21,15,0,0,0,
sentiment,sentiment--rubric,combined_rubric,complete,34,44,0.7727272727272727,20,14,9,3,5,
sentiment,sentiment--baseline-compact,description,complete,35,44,0.7954545454545454,21,14,7,2,3,
sentiment,sentiment--direct-original,wording_description,complete,35,44,0.7954545454545454,21,14,5,2,3,
sentiment,sentiment--direct-compact,wording_description,complete,35,44,0.7954545454545454,21,14,8,3,4,
sentiment,sentiment--concise_rubric-original,wording_description,complete,35,44,0.7954545454545454,20,15,5,2,3,
sentiment,sentiment--concise_rubric-compact,wording_description,complete,34,44,0.7727272727272727,20,14,8,2,4,
sentiment,sentiment--evidence-original,wording_description,complete,32,44,0.7272727272727273,20,12,9,2,6,
sentiment,sentiment--evidence-compact,wording_description,complete,35,44,0.7954545454545454,19,16,12,5,6,
sentiment,sentiment--rules-original,wording_description,complete,37,44,0.8409090909090909,20,17,5,3,2,
sentiment,sentiment--rules-compact,wording_description,complete,34,44,0.7727272727272727,20,14,10,3,5,
sentiment,sentiment--contrast-original,wording_description,complete,33,44,0.75,21,12,3,0,3,
sentiment,sentiment--contrast-compact,wording_description,complete,35,44,0.7954545454545454,21,14,7,2,3,
sentiment,sentiment--boundary-original,wording_description,complete,33,44,0.75,21,12,6,1,4,
sentiment,sentiment--boundary-compact,wording_description,complete,34,44,0.7727272727272727,21,13,8,3,5,
sentiment,sentiment--examples-original,wording_description,complete,33,44,0.75,20,13,3,0,3,
sentiment,sentiment--examples-compact,wording_description,complete,33,44,0.75,20,13,8,2,5,
sentiment,sentiment--imperative-original,wording_description,complete,33,44,0.75,21,12,5,1,4,
sentiment,sentiment--imperative-compact,wording_description,complete,33,44,0.75,20,13,8,2,5,
sentiment,sentiment--plain_question-original,wording_description,complete,34,44,0.7727272727272727,20,14,4,1,3,
sentiment,sentiment--plain_question-compact,wording_description,complete,34,44,0.7727272727272727,21,13,10,3,5,
sentiment,sentiment--checklist-original,wording_description,complete,39,44,0.8863636363636364,21,18,5,4,1,
sentiment,sentiment--checklist-compact,wording_description,complete,37,44,0.8409090909090909,21,16,10,5,4,
sentiment,sentiment--category_reasoning-original,wording_description,complete,33,44,0.75,20,13,7,2,5,
sentiment,sentiment--category_reasoning-compact,wording_description,complete,33,44,0.75,20,13,10,3,6,
sentiment,sentiment--balanced-original,wording_description,complete,33,44,0.75,21,12,3,0,3,
sentiment,sentiment--balanced-compact,wording_description,complete,32,44,0.7272727272727273,21,11,8,1,5,
sentiment,sentiment--order-01,option_order,complete,34,44,0.7727272727272727,21,13,2,0,2,
sentiment,sentiment--order-02,option_order,complete,34,44,0.7727272727272727,20,14,4,1,3,
sentiment,sentiment--order-03,option_order,complete,36,44,0.8181818181818182,20,16,4,2,2,
sentiment,sentiment--order-04,option_order,complete,36,44,0.8181818181818182,20,16,2,1,1,
sentiment,sentiment--order-05,option_order,complete,34,44,0.7727272727272727,20,14,2,0,2,
requested_action,requested_action--baseline,baseline,complete,29,44,0.6590909090909091,19,10,0,0,0,
requested_action,requested_action--rubric,combined_rubric,complete,18,44,0.4090909090909091,11,7,21,2,13,
requested_action,requested_action--baseline-compact,description,complete,23,44,0.5227272727272727,14,9,9,0,6,
requested_action,requested_action--direct-original,wording_description,complete,23,44,0.5227272727272727,16,7,7,0,6,
requested_action,requested_action--direct-compact,wording_description,complete,22,44,0.5,13,9,10,0,7,
requested_action,requested_action--concise_rubric-original,wording_description,rejected,,,,,,0,0,0,Question 'requested_action' exceeds the checkpoint's prompt budget; shorten its instructions or options before inference.
requested_action,requested_action--concise_rubric-compact,wording_description,complete,20,44,0.45454545454545453,12,8,15,2,11,
requested_action,requested_action--evidence-original,wording_description,complete,22,44,0.5,15,7,7,0,7,
requested_action,requested_action--evidence-compact,wording_description,complete,21,44,0.4772727272727273,13,8,11,0,8,
requested_action,requested_action--rules-original,wording_description,complete,27,44,0.6136363636363636,18,9,3,0,2,
requested_action,requested_action--rules-compact,wording_description,complete,21,44,0.4772727272727273,13,8,12,0,8,
requested_action,requested_action--contrast-original,wording_description,complete,25,44,0.5681818181818182,16,9,5,0,4,
requested_action,requested_action--contrast-compact,wording_description,complete,22,44,0.5,13,9,11,0,7,
requested_action,requested_action--boundary-original,wording_description,complete,24,44,0.5454545454545454,16,8,7,0,5,
requested_action,requested_action--boundary-compact,wording_description,complete,19,44,0.4318181818181818,13,6,14,0,10,
requested_action,requested_action--examples-original,wording_description,complete,26,44,0.5909090909090909,16,10,5,1,4,
requested_action,requested_action--examples-compact,wording_description,complete,22,44,0.5,12,10,11,1,8,
requested_action,requested_action--imperative-original,wording_description,complete,23,44,0.5227272727272727,16,7,6,0,6,
requested_action,requested_action--imperative-compact,wording_description,complete,18,44,0.4090909090909091,12,6,14,0,11,
requested_action,requested_action--plain_question-original,wording_description,complete,25,44,0.5681818181818182,16,9,5,0,4,
requested_action,requested_action--plain_question-compact,wording_description,complete,19,44,0.4318181818181818,13,6,13,0,10,
requested_action,requested_action--checklist-original,wording_description,complete,24,44,0.5454545454545454,14,10,5,0,5,
requested_action,requested_action--checklist-compact,wording_description,complete,21,44,0.4772727272727273,13,8,11,0,8,
requested_action,requested_action--category_reasoning-original,wording_description,complete,24,44,0.5454545454545454,17,7,6,0,5,
requested_action,requested_action--category_reasoning-compact,wording_description,complete,20,44,0.45454545454545453,12,8,12,0,9,
requested_action,requested_action--balanced-original,wording_description,rejected,,,,,,0,0,0,Question 'requested_action' exceeds the checkpoint's prompt budget; shorten its instructions or options before inference.
requested_action,requested_action--balanced-compact,wording_description,complete,23,44,0.5227272727272727,13,10,13,1,7,
requested_action,requested_action--order-00,option_order,complete,27,44,0.6136363636363636,17,10,8,2,4,
requested_action,requested_action--order-01,option_order,complete,29,44,0.6590909090909091,19,10,3,1,1,
requested_action,requested_action--order-02,option_order,complete,25,44,0.5681818181818182,16,9,6,1,5,
requested_action,requested_action--order-03,option_order,complete,27,44,0.6136363636363636,17,10,7,0,2,
requested_action,requested_action--order-04,option_order,complete,26,44,0.5909090909090909,16,10,6,0,3,
requested_action,requested_action--order-05,option_order,complete,25,44,0.5681818181818182,16,9,6,0,4,
requested_action,requested_action--order-06,option_order,complete,24,44,0.5454545454545454,15,9,9,1,6,
multiple_actions,multiple_actions--baseline,baseline,complete,24,44,0.5454545454545454,17,7,0,0,0,
multiple_actions,multiple_actions--rubric,combined_rubric,complete,17,44,0.38636363636363635,10,7,15,4,11,
multiple_actions,multiple_actions--baseline-compact,description,complete,15,44,0.3409090909090909,7,8,13,2,11,
multiple_actions,multiple_actions--direct-original,wording_description,complete,21,44,0.4772727272727273,12,9,9,3,6,
multiple_actions,multiple_actions--direct-compact,wording_description,complete,15,44,0.3409090909090909,6,9,17,4,13,
multiple_actions,multiple_actions--concise_rubric-original,wording_description,complete,22,44,0.5,12,10,10,4,6,
multiple_actions,multiple_actions--concise_rubric-compact,wording_description,complete,14,44,0.3181818181818182,6,8,16,3,13,
multiple_actions,multiple_actions--evidence-original,wording_description,complete,23,44,0.5227272727272727,14,9,11,5,6,
multiple_actions,multiple_actions--evidence-compact,wording_description,complete,19,44,0.4318181818181818,11,8,17,6,11,
multiple_actions,multiple_actions--rules-original,wording_description,complete,25,44,0.5681818181818182,15,10,9,5,4,
multiple_actions,multiple_actions--rules-compact,wording_description,complete,14,44,0.3181818181818182,8,6,12,1,11,
multiple_actions,multiple_actions--contrast-original,wording_description,complete,12,44,0.2727272727272727,7,5,16,2,14,
multiple_actions,multiple_actions--contrast-compact,wording_description,complete,11,44,0.25,7,4,17,2,15,
multiple_actions,multiple_actions--boundary-original,wording_description,complete,18,44,0.4090909090909091,10,8,12,3,9,
multiple_actions,multiple_actions--boundary-compact,wording_description,complete,21,44,0.4772727272727273,8,13,15,6,9,
multiple_actions,multiple_actions--examples-original,wording_description,complete,15,44,0.3409090909090909,7,8,13,2,11,
multiple_actions,multiple_actions--examples-compact,wording_description,complete,12,44,0.2727272727272727,4,8,22,5,17,
multiple_actions,multiple_actions--imperative-original,wording_description,complete,16,44,0.36363636363636365,10,6,12,2,10,
multiple_actions,multiple_actions--imperative-compact,wording_description,complete,16,44,0.36363636363636365,7,9,14,3,11,
multiple_actions,multiple_actions--plain_question-original,wording_description,complete,25,44,0.5681818181818182,16,9,9,5,4,
multiple_actions,multiple_actions--plain_question-compact,wording_description,complete,21,44,0.4772727272727273,12,9,13,5,8,
multiple_actions,multiple_actions--checklist-original,wording_description,complete,24,44,0.5454545454545454,16,8,6,3,3,
multiple_actions,multiple_actions--checklist-compact,wording_description,complete,18,44,0.4090909090909091,9,9,12,3,9,
multiple_actions,multiple_actions--category_reasoning-original,wording_description,complete,18,44,0.4090909090909091,9,9,14,4,10,
multiple_actions,multiple_actions--category_reasoning-compact,wording_description,complete,14,44,0.3181818181818182,5,9,16,3,13,
multiple_actions,multiple_actions--balanced-original,wording_description,complete,26,44,0.5909090909090909,17,9,8,5,3,
multiple_actions,multiple_actions--balanced-compact,wording_description,complete,14,44,0.3181818181818182,9,5,14,2,12,
multiple_actions,multiple_actions--labels-swap,boolean_labels,complete,23,44,0.5227272727272727,16,7,3,1,2,
multiple_actions,multiple_actions--labels-xy,boolean_labels,complete,22,44,0.5,15,7,6,2,4,
multiple_actions,multiple_actions--labels-yesno,boolean_labels,complete,16,44,0.36363636363636365,10,6,10,1,9,
message_hook,message_hook--baseline,baseline,complete,31,44,0.7045454545454546,17,14,0,0,0,
message_hook,message_hook--rubric,combined_rubric,complete,31,44,0.7045454545454546,17,14,9,2,2,
message_hook,message_hook--baseline-compact,description,complete,30,44,0.6818181818181818,16,14,6,2,3,
message_hook,message_hook--direct-original,wording_description,complete,33,44,0.75,18,15,5,2,0,
message_hook,message_hook--direct-compact,wording_description,complete,29,44,0.6590909090909091,16,13,5,1,3,
message_hook,message_hook--concise_rubric-original,wording_description,complete,30,44,0.6818181818181818,17,13,7,2,3,
message_hook,message_hook--concise_rubric-compact,wording_description,complete,27,44,0.6136363636363636,17,10,9,1,5,
message_hook,message_hook--evidence-original,wording_description,complete,31,44,0.7045454545454546,17,14,5,1,1,
message_hook,message_hook--evidence-compact,wording_description,complete,30,44,0.6818181818181818,17,13,7,2,3,
message_hook,message_hook--rules-original,wording_description,complete,32,44,0.7272727272727273,18,14,5,2,1,
message_hook,message_hook--rules-compact,wording_description,complete,31,44,0.7045454545454546,18,13,7,3,3,
message_hook,message_hook--contrast-original,wording_description,complete,29,44,0.6590909090909091,16,13,9,2,4,
message_hook,message_hook--contrast-compact,wording_description,complete,29,44,0.6590909090909091,16,13,9,3,5,
message_hook,message_hook--boundary-original,wording_description,complete,28,44,0.6363636363636364,15,13,5,0,3,
message_hook,message_hook--boundary-compact,wording_description,complete,32,44,0.7272727272727273,18,14,6,3,2,
message_hook,message_hook--examples-original,wording_description,complete,30,44,0.6818181818181818,16,14,6,1,2,
message_hook,message_hook--examples-compact,wording_description,complete,29,44,0.6590909090909091,16,13,6,1,3,
message_hook,message_hook--imperative-original,wording_description,complete,31,44,0.7045454545454546,17,14,2,1,1,
message_hook,message_hook--imperative-compact,wording_description,complete,30,44,0.6818181818181818,17,13,9,3,4,
message_hook,message_hook--plain_question-original,wording_description,complete,32,44,0.7272727272727273,18,14,5,2,1,
message_hook,message_hook--plain_question-compact,wording_description,complete,28,44,0.6363636363636364,16,12,6,1,4,
message_hook,message_hook--checklist-original,wording_description,complete,31,44,0.7045454545454546,17,14,6,2,2,
message_hook,message_hook--checklist-compact,wording_description,complete,33,44,0.75,18,15,5,3,1,
message_hook,message_hook--category_reasoning-original,wording_description,complete,31,44,0.7045454545454546,16,15,8,2,2,
message_hook,message_hook--category_reasoning-compact,wording_description,complete,29,44,0.6590909090909091,15,14,5,1,3,
message_hook,message_hook--balanced-original,wording_description,complete,32,44,0.7272727272727273,17,15,3,2,1,
message_hook,message_hook--balanced-compact,wording_description,complete,32,44,0.7272727272727273,18,14,6,3,2,
message_hook,message_hook--order-00,option_order,complete,29,44,0.6590909090909091,16,13,9,2,4,
message_hook,message_hook--order-01,option_order,complete,32,44,0.7272727272727273,18,14,4,2,1,
message_hook,message_hook--order-02,option_order,complete,32,44,0.7272727272727273,19,13,12,5,4,
message_hook,message_hook--order-03,option_order,complete,33,44,0.75,20,13,7,3,1,
message_hook,message_hook--order-04,option_order,complete,33,44,0.75,19,14,6,3,1,
message_hook,message_hook--order-05,option_order,complete,28,44,0.6363636363636364,16,12,8,1,4,
message_hook,message_hook--order-06,option_order,complete,28,44,0.6363636363636364,15,13,11,2,5,
sensitive_data_requested,sensitive_data_requested--baseline,baseline,complete,31,44,0.7045454545454546,21,10,0,0,0,
sensitive_data_requested,sensitive_data_requested--rubric,combined_rubric,complete,27,44,0.6136363636363636,17,10,6,1,5,
sensitive_data_requested,sensitive_data_requested--baseline-compact,description,complete,37,44,0.8409090909090909,19,18,12,9,3,
sensitive_data_requested,sensitive_data_requested--direct-original,wording_description,complete,25,44,0.5681818181818182,15,10,12,3,9,
sensitive_data_requested,sensitive_data_requested--direct-compact,wording_description,complete,32,44,0.7272727272727273,14,18,19,10,9,
sensitive_data_requested,sensitive_data_requested--concise_rubric-original,wording_description,complete,26,44,0.5909090909090909,16,10,7,1,6,
sensitive_data_requested,sensitive_data_requested--concise_rubric-compact,wording_description,complete,32,44,0.7272727272727273,16,16,15,8,7,
sensitive_data_requested,sensitive_data_requested--evidence-original,wording_description,complete,22,44,0.5,13,9,11,1,10,
sensitive_data_requested,sensitive_data_requested--evidence-compact,wording_description,complete,26,44,0.5909090909090909,13,13,15,5,10,
sensitive_data_requested,sensitive_data_requested--rules-original,wording_description,complete,28,44,0.6363636363636364,17,11,5,1,4,
sensitive_data_requested,sensitive_data_requested--rules-compact,wording_description,complete,32,44,0.7272727272727273,13,19,19,10,9,
sensitive_data_requested,sensitive_data_requested--contrast-original,wording_description,complete,28,44,0.6363636363636364,18,10,7,2,5,
sensitive_data_requested,sensitive_data_requested--contrast-compact,wording_description,complete,37,44,0.8409090909090909,19,18,12,9,3,
sensitive_data_requested,sensitive_data_requested--boundary-original,wording_description,complete,23,44,0.5227272727272727,16,7,8,0,8,
sensitive_data_requested,sensitive_data_requested--boundary-compact,wording_description,complete,30,44,0.6818181818181818,12,18,19,9,10,
sensitive_data_requested,sensitive_data_requested--examples-original,wording_description,complete,28,44,0.6363636363636364,17,11,7,2,5,
sensitive_data_requested,sensitive_data_requested--examples-compact,wording_description,complete,35,44,0.7954545454545454,19,16,10,7,3,
sensitive_data_requested,sensitive_data_requested--imperative-original,wording_description,complete,28,44,0.6363636363636364,19,9,7,2,5,
sensitive_data_requested,sensitive_data_requested--imperative-compact,wording_description,complete,33,44,0.75,15,18,20,11,9,
sensitive_data_requested,sensitive_data_requested--plain_question-original,wording_description,complete,29,44,0.6590909090909091,20,9,4,1,3,
sensitive_data_requested,sensitive_data_requested--plain_question-compact,wording_description,complete,29,44,0.6590909090909091,12,17,18,8,10,
sensitive_data_requested,sensitive_data_requested--checklist-original,wording_description,complete,22,44,0.5,15,7,11,1,10,
sensitive_data_requested,sensitive_data_requested--checklist-compact,wording_description,complete,35,44,0.7954545454545454,15,20,16,10,6,
sensitive_data_requested,sensitive_data_requested--category_reasoning-original,wording_description,complete,27,44,0.6136363636363636,15,12,10,3,7,
sensitive_data_requested,sensitive_data_requested--category_reasoning-compact,wording_description,complete,31,44,0.7045454545454546,13,18,20,10,10,
sensitive_data_requested,sensitive_data_requested--balanced-original,wording_description,complete,21,44,0.4772727272727273,13,8,12,1,11,
sensitive_data_requested,sensitive_data_requested--balanced-compact,wording_description,complete,33,44,0.75,14,19,16,9,7,
sensitive_data_requested,sensitive_data_requested--labels-swap,boolean_labels,complete,32,44,0.7272727272727273,20,12,5,3,2,
sensitive_data_requested,sensitive_data_requested--labels-xy,boolean_labels,complete,31,44,0.7045454545454546,19,12,4,2,2,
sensitive_data_requested,sensitive_data_requested--labels-yesno,boolean_labels,complete,28,44,0.6363636363636364,21,7,5,1,4,
