id,language,expected,baseline,balanced,v1_decomposed,choice_gate,choice_gate_split_pairs
sms_delivery_fee,en,False,False,True,True,False,False
fr_translation_sms_delivery_fee,fr,False,True,True,False,False,True
email_bank_statement,en,False,False,False,False,False,False
fr_translation_email_bank_statement,fr,False,False,False,False,False,True
sms_retail_promotion,en,False,True,True,True,True,False
fr_translation_sms_retail_promotion,fr,False,True,True,True,True,True
email_government_rebate,en,False,False,False,True,True,False
fr_translation_email_government_rebate,fr,False,True,True,False,False,True
sms_job_onboarding_fee,en,False,False,False,True,True,False
fr_translation_sms_job_onboarding_fee,fr,False,True,True,True,True,True
email_remote_support,en,True,True,True,True,False,False
fr_translation_email_remote_support,fr,True,True,True,False,False,True
sms_clinic_reminder,en,False,False,False,True,False,False
fr_translation_sms_clinic_reminder,fr,False,True,True,False,False,True
sms_bank_security_code,en,False,False,False,True,True,False
fr_translation_sms_bank_security_code,fr,False,True,True,False,False,True
email_parcel_tracking,en,False,False,False,False,False,False
fr_translation_email_parcel_tracking,fr,False,True,False,True,True,True
email_utility_bill,en,False,True,True,True,True,False
fr_translation_email_utility_bill,fr,False,True,True,False,False,True
sms_prize_claim,en,False,False,False,True,True,False
fr_translation_sms_prize_claim,fr,False,True,False,False,False,True
fr_email_streaming_security,fr,True,True,True,False,False,True
en_translation_fr_email_streaming_security,en,True,True,True,True,False,False
fr_sms_traffic_fine,fr,False,True,True,False,False,True
en_translation_fr_sms_traffic_fine,en,False,False,False,True,False,False
fr_email_hotel_offer,fr,False,True,True,True,True,True
en_translation_fr_email_hotel_offer,en,False,True,True,True,True,False
fr_sms_library_closure,fr,False,False,False,True,True,True
en_translation_fr_sms_library_closure,en,False,False,False,False,False,False
fr_email_insurance_receipt,fr,False,True,True,True,True,True
en_translation_fr_email_insurance_receipt,en,False,False,True,True,True,False
fr_sms_pharmacy_password,fr,False,True,True,False,False,True
en_translation_fr_sms_pharmacy_password,en,False,False,False,True,False,False
fr_email_investment_wallet,fr,False,True,True,True,True,True
en_translation_fr_email_investment_wallet,en,False,True,False,True,True,False
fr_sms_lottery_voucher,fr,False,True,False,True,True,True
en_translation_fr_sms_lottery_voucher,en,False,False,False,True,True,False
fr_email_building_inspection,fr,False,False,True,False,False,True
en_translation_fr_email_building_inspection,en,False,True,False,True,True,False
fr_sms_transit_schedule,fr,False,False,False,False,False,True
en_translation_fr_sms_transit_schedule,en,False,False,False,False,False,False
fr_email_recruiting_identity,fr,True,True,True,True,True,True
en_translation_fr_email_recruiting_identity,en,True,True,True,True,True,False
