schema,question,language,accepted,coverage,opposition_accuracy,confidence_accuracy,opposition_errors,confidence_errors,opposition_rejected_errors,confidence_rejected_errors,boundary_tie
Baseline,classification,en,8,0.36363636363636365,0.875,1.0,1,0,2,3,null
Baseline,classification,fr,1,0.045454545454545456,1.0,1.0,0,0,7,7,"{""confidence"": 1.0, ""tied_labels"": 4, ""selected_from_tie"": 1, ""accepted_errors_min"": 0, ""accepted_errors_max"": 0}"
Baseline,industry,en,12,0.5454545454545454,0.8333333333333334,0.9166666666666666,2,1,1,2,null
Baseline,industry,fr,1,0.045454545454545456,1.0,1.0,0,0,8,8,"{""confidence"": 1.0, ""tied_labels"": 3, ""selected_from_tie"": 1, ""accepted_errors_min"": 0, ""accepted_errors_max"": 0}"
Baseline,urgent_action,en,22,1.0,0.8636363636363636,0.8636363636363636,3,3,0,0,null
Baseline,urgent_action,fr,15,0.6818181818181818,0.8666666666666667,0.8666666666666667,2,2,4,4,null
Baseline,sentiment,en,10,0.45454545454545453,1.0,0.9,0,1,1,0,null
Baseline,sentiment,fr,9,0.4090909090909091,0.4444444444444444,0.7777777777777778,5,2,2,5,null
Baseline,requested_action,en,8,0.36363636363636365,0.875,1.0,1,0,4,5,null
Baseline,requested_action,fr,2,0.09090909090909091,1.0,0.0,0,2,12,10,null
Baseline,multiple_actions,en,12,0.5454545454545454,0.5833333333333334,0.6666666666666666,5,4,0,1,null
Baseline,multiple_actions,fr,20,0.9090909090909091,0.3,0.3,14,14,1,1,null
Baseline,message_hook,en,7,0.3181818181818182,0.8571428571428571,1.0,1,0,4,5,null
Baseline,message_hook,fr,4,0.18181818181818182,0.5,0.5,2,2,6,6,null
Baseline,sensitive_data_requested,en,22,1.0,0.9545454545454546,0.9545454545454546,1,1,0,0,null
Baseline,sensitive_data_requested,fr,15,0.6818181818181818,0.26666666666666666,0.4,11,9,1,3,null
Balanced,classification,en,6,0.2727272727272727,1.0,1.0,0,0,4,4,null
Balanced,classification,fr,4,0.18181818181818182,1.0,1.0,0,0,5,5,null
Balanced,industry,en,8,0.36363636363636365,0.75,0.875,2,1,2,3,null
Balanced,industry,fr,2,0.09090909090909091,0.5,1.0,1,0,4,5,"{""confidence"": 1.0, ""tied_labels"": 3, ""selected_from_tie"": 2, ""accepted_errors_min"": 0, ""accepted_errors_max"": 0}"
Balanced,urgent_action,en,19,0.8636363636363636,0.8947368421052632,0.8947368421052632,2,2,0,0,null
Balanced,urgent_action,fr,14,0.6363636363636364,1.0,1.0,0,0,1,1,null
Balanced,sentiment,en,10,0.45454545454545453,1.0,0.9,0,1,1,0,null
Balanced,sentiment,fr,8,0.36363636363636365,0.875,0.75,1,2,3,2,null
Balanced,requested_action,en,8,0.36363636363636365,0.875,1.0,1,0,4,5,null
Balanced,requested_action,fr,2,0.09090909090909091,1.0,0.0,0,2,12,10,null
Balanced,multiple_actions,en,18,0.8181818181818182,0.8888888888888888,0.7777777777777778,2,4,3,1,null
Balanced,multiple_actions,fr,15,0.6818181818181818,0.26666666666666666,0.3333333333333333,11,10,3,4,null
Balanced,message_hook,en,4,0.18181818181818182,1.0,1.0,0,0,4,4,null
Balanced,message_hook,fr,1,0.045454545454545456,1.0,1.0,0,0,7,7,"{""confidence"": 1.0, ""tied_labels"": 2, ""selected_from_tie"": 1, ""accepted_errors_min"": 0, ""accepted_errors_max"": 0}"
Balanced,sensitive_data_requested,en,20,0.9090909090909091,0.9,0.95,2,1,1,2,null
Balanced,sensitive_data_requested,fr,17,0.7727272727272727,0.8823529411764706,0.9411764705882353,2,1,2,3,null
English-preserving,classification,en,6,0.2727272727272727,1.0,1.0,0,0,4,4,null
English-preserving,classification,fr,4,0.18181818181818182,1.0,1.0,0,0,5,5,null
English-preserving,industry,en,8,0.36363636363636365,0.75,0.875,2,1,2,3,null
English-preserving,industry,fr,2,0.09090909090909091,0.5,1.0,1,0,4,5,"{""confidence"": 1.0, ""tied_labels"": 3, ""selected_from_tie"": 2, ""accepted_errors_min"": 0, ""accepted_errors_max"": 0}"
English-preserving,urgent_action,en,19,0.8636363636363636,0.8947368421052632,0.8947368421052632,2,2,0,0,null
English-preserving,urgent_action,fr,14,0.6363636363636364,1.0,1.0,0,0,1,1,null
English-preserving,sentiment,en,10,0.45454545454545453,1.0,0.9,0,1,1,0,null
English-preserving,sentiment,fr,8,0.36363636363636365,0.875,0.75,1,2,3,2,null
English-preserving,requested_action,en,8,0.36363636363636365,0.875,1.0,1,0,4,5,null
English-preserving,requested_action,fr,2,0.09090909090909091,1.0,0.0,0,2,12,10,null
English-preserving,multiple_actions,en,18,0.8181818181818182,0.8888888888888888,0.7777777777777778,2,4,3,1,null
English-preserving,multiple_actions,fr,15,0.6818181818181818,0.26666666666666666,0.3333333333333333,11,10,3,4,null
English-preserving,message_hook,en,8,0.36363636363636365,1.0,1.0,0,0,2,2,null
English-preserving,message_hook,fr,4,0.18181818181818182,0.25,0.75,3,1,6,8,null
English-preserving,sensitive_data_requested,en,20,0.9090909090909091,0.9,0.95,2,1,1,2,null
English-preserving,sensitive_data_requested,fr,17,0.7727272727272727,0.8823529411764706,0.9411764705882353,2,1,2,3,null
