schema,language,question,total,agreed,disagreed,agreement_rate,accepted_accuracy,accepted_errors,rejected_errors
baseline,all,classification,44,9,35,0.20454545454545456,0.8888888888888888,1,9
baseline,all,industry,44,13,31,0.29545454545454547,0.8461538461538461,2,9
baseline,all,urgent_action,44,37,7,0.8409090909090909,0.8648648648648649,5,4
baseline,all,sentiment,44,19,25,0.4318181818181818,0.7368421052631579,5,3
baseline,all,requested_action,44,10,34,0.22727272727272727,0.9,1,16
baseline,all,multiple_actions,44,32,12,0.7272727272727273,0.40625,19,1
baseline,all,message_hook,44,11,33,0.25,0.7272727272727273,3,10
baseline,all,sensitive_data_requested,44,37,7,0.8409090909090909,0.6756756756756757,12,1
baseline,en,classification,22,8,14,0.36363636363636365,0.875,1,2
baseline,en,industry,22,12,10,0.5454545454545454,0.8333333333333334,2,1
baseline,en,urgent_action,22,22,0,1.0,0.8636363636363636,3,0
baseline,en,sentiment,22,10,12,0.45454545454545453,1.0,0,1
baseline,en,requested_action,22,8,14,0.36363636363636365,0.875,1,4
baseline,en,multiple_actions,22,12,10,0.5454545454545454,0.5833333333333334,5,0
baseline,en,message_hook,22,7,15,0.3181818181818182,0.8571428571428571,1,4
baseline,en,sensitive_data_requested,22,22,0,1.0,0.9545454545454546,1,0
baseline,fr,classification,22,1,21,0.045454545454545456,1.0,0,7
baseline,fr,industry,22,1,21,0.045454545454545456,1.0,0,8
baseline,fr,urgent_action,22,15,7,0.6818181818181818,0.8666666666666667,2,4
baseline,fr,sentiment,22,9,13,0.4090909090909091,0.4444444444444444,5,2
baseline,fr,requested_action,22,2,20,0.09090909090909091,1.0,0,12
baseline,fr,multiple_actions,22,20,2,0.9090909090909091,0.3,14,1
baseline,fr,message_hook,22,4,18,0.18181818181818182,0.5,2,6
baseline,fr,sensitive_data_requested,22,15,7,0.6818181818181818,0.26666666666666666,11,1
balanced,all,classification,44,10,34,0.22727272727272727,1.0,0,9
balanced,all,industry,44,10,34,0.22727272727272727,0.7,3,6
balanced,all,urgent_action,44,33,11,0.75,0.9393939393939394,2,1
balanced,all,sentiment,44,18,26,0.4090909090909091,0.9444444444444444,1,4
balanced,all,requested_action,44,10,34,0.22727272727272727,0.9,1,16
balanced,all,multiple_actions,44,33,11,0.75,0.6060606060606061,13,6
balanced,all,message_hook,44,5,39,0.11363636363636363,1.0,0,11
balanced,all,sensitive_data_requested,44,37,7,0.8409090909090909,0.8918918918918919,4,3
balanced,en,classification,22,6,16,0.2727272727272727,1.0,0,4
balanced,en,industry,22,8,14,0.36363636363636365,0.75,2,2
balanced,en,urgent_action,22,19,3,0.8636363636363636,0.8947368421052632,2,0
balanced,en,sentiment,22,10,12,0.45454545454545453,1.0,0,1
balanced,en,requested_action,22,8,14,0.36363636363636365,0.875,1,4
balanced,en,multiple_actions,22,18,4,0.8181818181818182,0.8888888888888888,2,3
balanced,en,message_hook,22,4,18,0.18181818181818182,1.0,0,4
balanced,en,sensitive_data_requested,22,20,2,0.9090909090909091,0.9,2,1
balanced,fr,classification,22,4,18,0.18181818181818182,1.0,0,5
balanced,fr,industry,22,2,20,0.09090909090909091,0.5,1,4
balanced,fr,urgent_action,22,14,8,0.6363636363636364,1.0,0,1
balanced,fr,sentiment,22,8,14,0.36363636363636365,0.875,1,3
balanced,fr,requested_action,22,2,20,0.09090909090909091,1.0,0,12
balanced,fr,multiple_actions,22,15,7,0.6818181818181818,0.26666666666666666,11,3
balanced,fr,message_hook,22,1,21,0.045454545454545456,1.0,0,7
balanced,fr,sensitive_data_requested,22,17,5,0.7727272727272727,0.8823529411764706,2,2
english-preserving,all,classification,44,10,34,0.22727272727272727,1.0,0,9
english-preserving,all,industry,44,10,34,0.22727272727272727,0.7,3,6
english-preserving,all,urgent_action,44,33,11,0.75,0.9393939393939394,2,1
english-preserving,all,sentiment,44,18,26,0.4090909090909091,0.9444444444444444,1,4
english-preserving,all,requested_action,44,10,34,0.22727272727272727,0.9,1,16
english-preserving,all,multiple_actions,44,33,11,0.75,0.6060606060606061,13,6
english-preserving,all,message_hook,44,12,32,0.2727272727272727,0.75,3,8
english-preserving,all,sensitive_data_requested,44,37,7,0.8409090909090909,0.8918918918918919,4,3
english-preserving,en,classification,22,6,16,0.2727272727272727,1.0,0,4
english-preserving,en,industry,22,8,14,0.36363636363636365,0.75,2,2
english-preserving,en,urgent_action,22,19,3,0.8636363636363636,0.8947368421052632,2,0
english-preserving,en,sentiment,22,10,12,0.45454545454545453,1.0,0,1
english-preserving,en,requested_action,22,8,14,0.36363636363636365,0.875,1,4
english-preserving,en,multiple_actions,22,18,4,0.8181818181818182,0.8888888888888888,2,3
english-preserving,en,message_hook,22,8,14,0.36363636363636365,1.0,0,2
english-preserving,en,sensitive_data_requested,22,20,2,0.9090909090909091,0.9,2,1
english-preserving,fr,classification,22,4,18,0.18181818181818182,1.0,0,5
english-preserving,fr,industry,22,2,20,0.09090909090909091,0.5,1,4
english-preserving,fr,urgent_action,22,14,8,0.6363636363636364,1.0,0,1
english-preserving,fr,sentiment,22,8,14,0.36363636363636365,0.875,1,3
english-preserving,fr,requested_action,22,2,20,0.09090909090909091,1.0,0,12
english-preserving,fr,multiple_actions,22,15,7,0.6818181818181818,0.26666666666666666,11,3
english-preserving,fr,message_hook,22,4,18,0.18181818181818182,0.25,3,6
english-preserving,fr,sensitive_data_requested,22,17,5,0.7727272727272727,0.8823529411764706,2,2
